"date","region","HFR","lb","ub"
"2020-03-16","east_of_england",51.0385756676558,45.7198685917377,56.333872178009
"2020-03-16","england",43.9470517448857,42.4441994468055,45.4610860760854
"2020-03-16","london",39.9220489977728,37.6809233893145,42.2061939883909
"2020-03-16","midlands",49.2086330935252,45.5063922103083,52.9195740999099
"2020-03-16","north_east_and_yorkshire",54.0284360189574,47.2918647511741,60.6209469069278
"2020-03-16","north_west",41.4322250639386,36.6559977827744,46.3751661177657
"2020-03-16","south_east",45.5238095238095,41.3118807456742,49.8007676263334
"2020-03-16","south_west",40,33.4605785668073,46.916327960738
"2020-03-23","east_of_england",49.1723466407011,46.1235831107415,52.2272787163092
"2020-03-23","england",46.349078457045,45.3698248420434,47.331156010156
"2020-03-23","london",39.2992424242424,37.6124167386091,41.0119877657672
"2020-03-23","midlands",55.3239436619718,53.0020908668804,57.622802040962
"2020-03-23","north_east_and_yorkshire",55.939524838013,52.7238865640759,59.1060871326779
"2020-03-23","north_west",45.6437933693138,42.9498570045315,48.3634579860253
"2020-03-23","south_east",44.9838187702265,42.2302185833039,47.7685026953066
"2020-03-23","south_west",40.8,36.5782390930815,45.162048771411
"2020-03-30","east_of_england",44.6837146702557,42.1728629021255,47.2219818268521
"2020-03-30","england",41.0013812154696,40.2027756324813,41.8047600933883
"2020-03-30","london",37.828418230563,36.2853716374531,39.3965096096745
"2020-03-30","midlands",42.2222222222222,40.3560430390763,44.1108758654009
"2020-03-30","north_east_and_yorkshire",46.0855080510827,43.7941652787528,48.3935141813516
"2020-03-30","north_west",38.9747762408462,37.0654229643232,40.9185370482912
"2020-03-30","south_east",42.944410507025,40.5658073169707,45.3560501081809
"2020-03-30","south_west",35.0631136044881,31.6491696765452,38.6371471402283
"2020-04-06","east_of_england",51.3447432762836,48.5482571011069,54.132835558188
"2020-04-06","england",42.7032848680668,41.7874908113026,43.624108608917
"2020-04-06","london",37.2394809280378,35.3810762462993,39.1363795712875
"2020-04-06","midlands",48.0332409972299,45.7350096685684,50.3398259863878
"2020-04-06","north_east_and_yorkshire",44.5652173913043,42.1182079598925,47.0388589716152
"2020-04-06","north_west",40.520260130065,38.3883308423811,42.6885537841654
"2020-04-06","south_east",42.2355588897224,39.6100227820604,44.9057177618777
"2020-04-06","south_west",36.3636363636364,32.8110406244121,40.0714790240105
"2020-04-13","east_of_england",45.3196347031963,42.0506962444544,48.629442867209
"2020-04-13","england",40.5859427496304,39.4753328408116,41.7062677647985
"2020-04-13","london",33.1804281345566,30.6811999627936,35.7781616436351
"2020-04-13","midlands",43.9481268011527,41.3573115567067,46.5723481803767
"2020-04-13","north_east_and_yorkshire",45.3976764968722,42.5012461046513,48.3255977751446
"2020-04-13","north_west",41.9596110695587,39.3411090117166,44.6241839328275
"2020-04-13","south_east",37.029702970297,34.1060495674611,40.051645630291
"2020-04-13","south_west",33.7468982630273,29.3031176149695,38.497607419365
"2020-04-20","east_of_england",40.7310704960835,37.3062591797262,44.2483845234685
"2020-04-20","england",37.4770136079441,36.1997151880288,38.7719922697044
"2020-04-20","london",33.3785617367707,30.0679785579764,36.8615180187943
"2020-04-20","midlands",43.7629937629938,40.6590318374327,46.9165688055008
"2020-04-20","north_east_and_yorkshire",40.0605449041372,37.0536923012174,43.1441574914995
"2020-04-20","north_west",32.0809248554913,29.3117901827015,34.9822013022329
"2020-04-20","south_east",35.2857142857143,31.8348207113653,38.8972244930819
"2020-04-20","south_west",33.6065573770492,27.974372771167,39.7469276195486
"2020-04-27","east_of_england",33.8652482269504,30.0803887159174,37.8684115745754
"2020-04-27","england",33.878447644618,32.4448828079759,35.342216174878
"2020-04-27","london",29.295154185022,25.2964386530458,33.6413123133587
"2020-04-27","midlands",39.7260273972603,36.2390238827732,43.3205937707382
"2020-04-27","north_east_and_yorkshire",34.5407503234153,31.272576059336,37.9618156835016
"2020-04-27","north_west",31.8471337579618,28.6832309966094,35.187836273857
"2020-04-27","south_east",32.6785714285714,28.9232975557169,36.6698675148755
"2020-04-27","south_west",32.034632034632,26.353470327827,38.3035368221021
"2020-05-04","east_of_england",32.1867321867322,27.8326316119087,36.8739487764929
"2020-05-04","england",33.9818417639429,32.3310378601687,35.6725007548825
"2020-05-04","london",26.007326007326,21.1621037811038,31.5183940901176
"2020-05-04","midlands",36.0703812316716,32.5536831150281,39.7431214078852
"2020-05-04","north_east_and_yorkshire",34.4178082191781,30.6776552014787,38.3616159712076
"2020-05-04","north_west",35.0086655112652,31.2274114134126,38.9882132854082
"2020-05-04","south_east",36.3861386138614,31.8433663947723,41.185368761758
"2020-05-04","south_west",31.8471337579618,25.0677484189837,39.4936274738179
"2020-05-11","east_of_england",32.5268817204301,27.9658824265471,37.4450649426147
"2020-05-11","england",31.793576326236,30.0859458148985,33.5516163675253
"2020-05-11","london",28.2608695652174,22.2510466251288,35.1598463149836
"2020-05-11","midlands",36.1769352290679,32.5274238958797,39.9932093675285
"2020-05-11","north_east_and_yorkshire",32.9218106995885,28.8920592896783,37.2194249444964
"2020-05-11","north_west",28.1350482315113,24.7438174737527,31.7946962078842
"2020-05-11","south_east",31.8181818181818,27.1710804394007,36.8578440079616
"2020-05-11","south_west",26.2295081967213,19.23544295298,34.6748179868255
"2020-05-18","east_of_england",34.020618556701,28.8169014181987,39.6407231058486
"2020-05-18","england",32.3376007586534,30.3749175087396,34.3645097260975
"2020-05-18","london",21.8045112781955,15.6325322185817,29.5595165608208
"2020-05-18","midlands",34.341252699784,30.1607505638739,38.7794544542729
"2020-05-18","north_east_and_yorkshire",41.3114754098361,35.9269666335812,46.9121249176698
"2020-05-18","north_west",30.0395256916996,26.2078089837355,34.1720313558001
"2020-05-18","south_east",27.0769230769231,22.5345297112005,32.1548818568084
"2020-05-18","south_west",33.7209302325581,24.6165485775778,44.2174392410278
"2020-05-25","east_of_england",27.5862068965517,21.8973053449347,34.1076462161129
"2020-05-25","england",28.9630512514899,26.8427655641487,31.179437046135
"2020-05-25","london",18.6915887850467,12.438473839722,27.1148298493025
"2020-05-25","midlands",29.1139240506329,24.8521557026657,33.7780226925601
"2020-05-25","north_east_and_yorkshire",32.8859060402685,27.7993056488141,38.40811979946
"2020-05-25","north_west",30.1546391752577,25.8010276370898,34.8973628641384
"2020-05-25","south_east",34.2105263157895,27.8375482739429,41.2093210774167
"2020-05-25","south_west",15.4639175257732,9.60112210223984,23.9579509382122
"2020-06-01","east_of_england",20.5479452054795,14.789617331996,27.8163872565533
"2020-06-01","england",27.1004942339374,24.6753424512705,29.6701106474927
"2020-06-01","london",10.4166666666667,5.75715324174434,18.1221641303217
"2020-06-01","midlands",29.7794117647059,24.657212493978,35.4648081514017
"2020-06-01","north_east_and_yorkshire",28.5714285714286,22.8892883796492,35.0234566528915
"2020-06-01","north_west",35.4330708661417,29.8078346151634,41.4923587911032
"2020-06-01","south_east",31.2883435582822,24.6703698626794,38.7679742808125
"2020-06-01","south_west",9.58904109589041,4.72289545968057,18.4956366901662
"2020-06-08","east_of_england",17.7777777777778,12.8835934603785,24.0185608501255
"2020-06-08","england",24.2857142857143,21.8650370087344,26.8821821404482
"2020-06-08","london",11.6883116883117,6.27256200564938,20.7450835679397
"2020-06-08","midlands",24.3816254416961,19.7438476527676,29.7055797082053
"2020-06-08","north_east_and_yorkshire",25.3086419753086,19.2387554479853,32.5224021245039
"2020-06-08","north_west",29.9625468164794,24.7837172763311,35.7097756822793
"2020-06-08","south_east",30.5343511450382,23.2956618861134,38.88214274012
"2020-06-08","south_west",5,0.256466471937753,23.6131193446742
"2020-06-15","east_of_england",22.4806201550388,16.1330576821705,30.4197725635182
"2020-06-15","england",25.4022988505747,22.6221764783704,28.3986871256965
"2020-06-15","london",10.7692307692308,5.31542195311278,20.6013135814498
"2020-06-15","midlands",32.512315270936,26.4452421239981,39.2289508522039
"2020-06-15","north_east_and_yorkshire",20.5128205128205,14.9216387524092,27.5213289990281
"2020-06-15","north_west",29.4117647058824,23.0781853100028,36.6552404936771
"2020-06-15","south_east",27.1317829457364,20.2030354527466,35.3831192584594
"2020-06-15","south_west",11.1111111111111,3.10195226456124,32.7997651301788
"2020-06-22","east_of_england",32.0754716981132,21.0922140791351,45.4814798509674
"2020-06-22","england",21.4177978883861,18.4643320987568,24.7005693951815
"2020-06-22","london",8.75,4.30320017820598,16.976795508475
"2020-06-22","midlands",20.6666666666667,14.958894154996,27.8393601812645
"2020-06-22","north_east_and_yorkshire",13.4453781512605,8.44851462799327,20.7284905661653
"2020-06-22","north_west",23.3576642335766,17.0589902875812,31.1096806341417
"2020-06-22","south_east",33.9622641509434,25.6489618611291,43.397334168586
"2020-06-22","south_west",16.6666666666667,5.83657680586145,39.2220381039157
"2020-06-29","east_of_england",23.6842105263158,15.5393302687906,34.3613847346377
"2020-06-29","england",20.8416833667335,17.507302618099,24.6215742087089
"2020-06-29","london",16.6666666666667,8.69551357648557,29.5778284012556
"2020-06-29","midlands",18.4782608695652,11.8693348264483,27.6140571067757
"2020-06-29","north_east_and_yorkshire",15.1898734177215,8.90826789263174,24.6998544377046
"2020-06-29","north_west",18.75,12.2024699893116,27.7022542517931
"2020-06-29","south_east",32.2916666666667,23.7758414022366,42.1701690010561
"2020-06-29","south_west",0,0,24.2494006655241
"2020-07-06","east_of_england",21.2121212121212,10.6760215330208,37.7516449921507
"2020-07-06","england",18.6440677966102,14.931436623411,23.0299162249634
"2020-07-06","london",10.5263157894737,4.17025734755352,24.1305217228873
"2020-07-06","midlands",12.3456790123457,6.84611591187176,21.2550732379768
"2020-07-06","north_east_and_yorkshire",14.9253731343284,8.31427343377982,25.3403960459085
"2020-07-06","north_west",21.4285714285714,12.7059042490957,33.8194635634051
"2020-07-06","south_east",30.9859154929577,21.4397264562639,42.4840125709418
"2020-07-06","south_west",12.5,0.641166179844382,47.0888182212853
"2020-07-13","east_of_england",5.71428571428571,1.58131618571086,18.6070574201649
"2020-07-13","england",17.4454828660436,13.6856402867217,21.9752815799777
"2020-07-13","london",5.26315789473684,1.45542081472924,17.2854621317704
"2020-07-13","midlands",26.3157894736842,16.6457865979731,38.9765792634838
"2020-07-13","north_east_and_yorkshire",19.6078431372549,11.0153425124667,32.4580794813656
"2020-07-13","north_west",23.5294117647059,15.0344910202958,34.8551679719432
"2020-07-13","south_east",16.3934426229508,9.15601160567961,27.6128385317345
"2020-07-13","south_west",9.09090909090909,0.46630267625046,37.7358436451596
"2020-07-20","east_of_england",15.3846153846154,7.2474723769821,29.7294636489267
"2020-07-20","england",14.3302180685358,10.9185159648532,18.5855563197122
"2020-07-20","london",0,0,6.87922361238623
"2020-07-20","midlands",15.8730158730159,8.85709239651416,26.8115767817726
"2020-07-20","north_east_and_yorkshire",25,14.1871186390963,40.193961420768
"2020-07-20","north_west",16.25,9.74981940295037,25.8429043406977
"2020-07-20","south_east",15.7894736842105,7.44386341515893,30.4168117792231
"2020-07-20","south_west",11.1111111111111,0.569925493195006,43.4999705576656
"2020-07-27","east_of_england",2.77777777777778,0.142481373298752,14.1697186532739
"2020-07-27","england",14.2335766423358,10.5901025129793,18.8660697832908
"2020-07-27","london",6.45161290322581,1.78747835219146,20.7186367362981
"2020-07-27","midlands",10,3.95795286826064,23.0517752275223
"2020-07-27","north_east_and_yorkshire",19.2307692307692,10.7960460247335,31.898860813658
"2020-07-27","north_west",19.7368421052632,12.3419872797543,30.0438349741882
"2020-07-27","south_east",25.9259259259259,13.1703745619072,44.6785713145531
"2020-07-27","south_west",0,0,24.2494006655241
"2020-08-03","east_of_england",17.3913043478261,6.97865356306257,37.1376476402261
"2020-08-03","england",11.4695340501792,8.24254600438251,15.743138097078
"2020-08-03","london",12.5,5.4595002509454,26.1121198388511
"2020-08-03","midlands",6.66666666666667,2.62286987245062,15.9253573131972
"2020-08-03","north_east_and_yorkshire",11.3207547169811,5.29303094770256,22.5765191119922
"2020-08-03","north_west",13.4328358208955,7.23109166429549,23.600372261337
"2020-08-03","south_east",12.5,4.34433408012344,31.0038812705001
"2020-08-03","south_west",8.33333333333333,0.427444119896255,35.3879911141117
"2020-08-10","east_of_england",15,5.23687458962166,36.0418864740757
"2020-08-10","england",15.6133828996283,11.7633692121012,20.4316861876069
"2020-08-10","london",10.2564102564103,4.06133134466838,23.5788544628565
"2020-08-10","midlands",1.96078431372549,0.100575087034413,10.304568726145
"2020-08-10","north_east_and_yorkshire",14.5833333333333,7.24824932660371,27.1671765247463
"2020-08-10","north_west",23.75,15.7646728667746,34.1407789338405
"2020-08-10","south_east",26.3157894736842,11.8064123467825,48.7915508978151
"2020-08-10","south_west",25,8.89416683940548,53.2305334933566
"2020-08-17","east_of_england",6.25,0.320583089922191,28.3287375702989
"2020-08-17","england",12.8755364806867,9.16986741032331,17.7854887754476
"2020-08-17","london",0,1.23024730240011e-15,11.3513393173969
"2020-08-17","midlands",8.62068965517241,3.73853831261911,18.6436290628735
"2020-08-17","north_east_and_yorkshire",18.1818181818182,8.61076820894067,34.3882316346699
"2020-08-17","north_west",24.6153846153846,15.757986855898,36.3057831958778
"2020-08-17","south_east",5.26315789473684,0.269964707302898,24.6387311668988
"2020-08-17","south_west",8.33333333333333,0.427444119896255,35.3879911141117
"2020-08-24","east_of_england",13.3333333333333,3.73612591030653,37.8819828323224
"2020-08-24","england",15.2482269503546,11.5217305659359,19.9087901119798
"2020-08-24","london",5.88235294117647,2.02066394224647,15.9246260488004
"2020-08-24","midlands",9.67741935483871,4.51118720231939,19.5488186123074
"2020-08-24","north_east_and_yorkshire",31.7073170731707,19.5646138989886,46.9841996443443
"2020-08-24","north_west",18.75,11.7053104669773,28.6583226289931
"2020-08-24","south_east",14.8148148148148,5.91592777624433,32.478685427813
"2020-08-24","south_west",0,0,39.0334287902165
"2020-08-31","east_of_england",14.8148148148148,5.91592777624433,32.478685427813
"2020-08-31","england",17.9746835443038,14.5021726412848,22.0641008980615
"2020-08-31","london",11.7647058823529,5.50507367791817,23.3808443143225
"2020-08-31","midlands",18.0722891566265,11.26936582952,27.6998768343651
"2020-08-31","north_east_and_yorkshire",13.3333333333333,6.91410948058697,24.1651596764996
"2020-08-31","north_west",24.1935483870968,17.5049967045108,32.4329963453306
"2020-08-31","south_east",20.5128205128205,10.7797182307104,35.5339680135823
"2020-08-31","south_west",0,0,25.8832966968032
"2020-09-07","east_of_england",3.03030303030303,0.15543422541682,15.3187253821189
"2020-09-07","england",17.2099087353325,14.703637562664,20.0429962302904
"2020-09-07","london",12.2950819672131,7.59437314372807,19.2977648987221
"2020-09-07","midlands",17.0731707317073,12.0846131559082,23.5689489861029
"2020-09-07","north_east_and_yorkshire",22.4806201550388,16.1330576821705,30.4197725635182
"2020-09-07","north_west",19.5918367346939,15.1075202915172,25.0149975935094
"2020-09-07","south_east",17.5438596491228,9.81885223970996,29.3673528296939
"2020-09-07","south_west",5.88235294117647,0.301725261103239,26.9820306375754
"2020-09-14","east_of_england",18,9.77019267023418,30.7960536743008
"2020-09-14","england",17.6859504132231,15.6393425885369,19.9370875690101
"2020-09-14","london",17.9775280898876,13.0318951373167,24.276130909477
"2020-09-14","midlands",8.43373493975904,5.58220341577574,12.5483116645075
"2020-09-14","north_east_and_yorkshire",21.2014134275618,16.8413114881667,26.332872372789
"2020-09-14","north_west",20.7182320441989,16.8613084549569,25.1900925307621
"2020-09-14","south_east",21.1267605633803,13.2425514176991,31.9749782162058
"2020-09-14","south_west",11.7647058823529,3.28797737637927,34.3363505948859
"2020-09-21","east_of_england",23.0769230769231,15.1255088505269,33.5557578262836
"2020-09-21","england",19.4163192376415,17.5949674172822,21.3772991253009
"2020-09-21","london",16.2303664921466,11.6760911271556,22.1162337811103
"2020-09-21","midlands",19.375,15.4183294397776,24.0582277886401
"2020-09-21","north_east_and_yorkshire",19.5238095238095,16.0162763602884,23.5837805307246
"2020-09-21","north_west",21.2454212454212,18.021411196872,24.8712181305944
"2020-09-21","south_east",18.8235294117647,11.9321434448849,28.411024369403
"2020-09-21","south_west",2.56410256410256,0.131521267660386,13.1809901698501
"2020-09-28","east_of_england",18.5185185185185,12.3199538247415,26.8796947518935
"2020-09-28","england",18.3049366535605,16.7742863401368,19.9417916766001
"2020-09-28","london",12.2881355932203,8.69360182582819,17.0907054931691
"2020-09-28","midlands",17.3228346456693,13.8539482834154,21.4440830765544
"2020-09-28","north_east_and_yorkshire",18.7396351575456,15.8264442373086,22.0485979965158
"2020-09-28","north_west",20.4685573366215,17.8339973449864,23.3815612382442
"2020-09-28","south_east",20,13.5951026562801,28.4295334616098
"2020-09-28","south_west",7.5,2.58360257745882,19.8642335243105
"2020-10-05","east_of_england",28.0821917808219,21.426608392212,35.861581069034
"2020-10-05","england",22.3790928206669,20.9955873460331,23.8262704374236
"2020-10-05","london",18.450184501845,14.2841640921362,23.4981483967667
"2020-10-05","midlands",21.6699801192843,18.2914926652794,25.4779060214163
"2020-10-05","north_east_and_yorkshire",21.8072289156627,19.1313178742584,24.7429048512589
"2020-10-05","north_west",23.0769230769231,20.8679397473327,25.4445512948574
"2020-10-05","south_east",20.1086956521739,14.9556440870663,26.4843337055883
"2020-10-05","south_west",28.4210526315789,20.3284201628596,38.1910103583176
"2020-10-12","east_of_england",30.6772908366534,25.2992102091077,36.6379092655344
"2020-10-12","england",23.0393155428804,21.882734978044,24.2380584123578
"2020-10-12","london",14.0969162995595,11.1964039416279,17.5999089043714
"2020-10-12","midlands",22.6176808266361,19.9630873028041,25.5127477538693
"2020-10-12","north_east_and_yorkshire",23.4797297297297,21.1534898802789,25.9775017738188
"2020-10-12","north_west",24.8179611650485,22.7926298123272,26.9604172753416
"2020-10-12","south_east",19.1428571428571,15.3649223933914,23.5907893765355
"2020-10-12","south_west",25.8278145695364,19.5075072700844,33.3474964505058
"2020-10-19","east_of_england",27.5080906148867,22.8282171005701,32.7403317343628
"2020-10-19","england",23.847662634848,22.7964380229571,24.9317084583723
"2020-10-19","london",16.8654173764906,14.0539012838703,20.1077940080554
"2020-10-19","midlands",24.7295208655332,22.4558872685237,27.1527497837809
"2020-10-19","north_east_and_yorkshire",23.3552631578947,21.2970903871665,25.5477736036806
"2020-10-19","north_west",25.4312743461324,23.4717192373611,27.4956468417026
"2020-10-19","south_east",22.6130653266332,18.7764006612021,26.9733483468329
"2020-10-19","south_west",24.8826291079812,19.5560814534384,31.0991112472905
"2020-10-26","east_of_england",25,21.0804714984721,29.3770177203731
"2020-10-26","england",23.9901746724891,23.0262605118343,24.9813441068675
"2020-10-26","london",15.3846153846154,12.9046261662784,18.2413848923524
"2020-10-26","midlands",26.9526248399488,24.8106957894679,29.2076375517463
"2020-10-26","north_east_and_yorkshire",24.9007373794668,22.9381857874436,26.9724303812133
"2020-10-26","north_west",25.6797583081571,23.8066363239971,27.6467824537727
"2020-10-26","south_east",20,16.7132694188013,23.7487762375211
"2020-10-26","south_west",19.0594059405941,15.5278220505995,23.1738487596965
"2020-11-02","east_of_england",27.3348519362187,23.3758787758223,31.6870458812445
"2020-11-02","england",24.3308385132564,23.3962923845614,25.2903900962458
"2020-11-02","london",17.9698216735254,15.3529289784433,20.9225103571658
"2020-11-02","midlands",24.2707760044029,22.3551284903464,26.2949862425655
"2020-11-02","north_east_and_yorkshire",25.699481865285,23.7995732027547,27.6959335399741
"2020-11-02","north_west",26.3995609220637,24.4267264122397,28.4717031942678
"2020-11-02","south_east",22.6837060702875,19.5754882744669,26.1251328563879
"2020-11-02","south_west",20.5769230769231,17.3240945374497,24.2612849991591
"2020-11-09","east_of_england",25.2144082332762,21.85956315135,28.893745829108
"2020-11-09","england",24.9660479855138,24.0746054448383,25.879248132642
"2020-11-09","london",17.9956896551724,15.6576075262111,20.5976433668168
"2020-11-09","midlands",27.1317829457364,25.2573437964336,29.0911873265293
"2020-11-09","north_east_and_yorkshire",24.4423350735643,22.6549679668253,26.3227254786261
"2020-11-09","north_west",26.2237762237762,24.1974191848225,28.3563469885121
"2020-11-09","south_east",25.77065351418,22.8796612903423,28.8900976307634
"2020-11-09","south_west",25.1993620414673,21.9590816473972,28.7416854547858
"2020-11-16","east_of_england",27.3049645390071,23.7908410327481,31.1261527824505
"2020-11-16","england",25.5501068779077,24.6035280082804,26.5202939237404
"2020-11-16","london",18.1336161187699,15.8053301050021,20.7204742520911
"2020-11-16","midlands",29.4307196562836,27.4047849246184,31.5413518771574
"2020-11-16","north_east_and_yorkshire",22.9641693811075,21.1008412133804,24.9400283726596
"2020-11-16","north_west",28.2012195121951,25.8327246693064,30.6969927852077
"2020-11-16","south_east",25.764192139738,23.0373703524021,28.6934419802751
"2020-11-16","south_west",25.2918287937743,21.7267386426818,29.2234999538093
"2020-11-23","east_of_england",24.3055555555556,20.9804059495114,27.9711573619467
"2020-11-23","england",26.6801853997683,25.6500784766323,27.7362286759682
"2020-11-23","london",21.8053927315358,19.1640803987933,24.6995136128667
"2020-11-23","midlands",31.6320100819156,29.390732305301,33.9619954748649
"2020-11-23","north_east_and_yorkshire",25.4470426409904,23.2749475201498,27.748533416002
"2020-11-23","north_west",26.2727272727273,23.757648364784,28.9529518913717
"2020-11-23","south_east",27.662037037037,24.7831345647041,30.7386953644014
"2020-11-23","south_west",24.6808510638298,20.9986133035873,28.7736162956674
"2020-11-30","east_of_england",29.0233837689133,25.8412470941882,32.4260355949799
"2020-11-30","england",26.2336214106496,25.2285853305852,27.2640962149298
"2020-11-30","london",17.658349328215,15.4630913052566,20.0911942592101
"2020-11-30","midlands",29.8213185459026,27.6454454404686,32.0924874448408
"2020-11-30","north_east_and_yorkshire",26.344505066251,24.0073232224927,28.8229189305479
"2020-11-30","north_west",23.4061930783242,20.9971291900054,26.0006902036252
"2020-11-30","south_east",29.5015259409969,26.7348460769115,32.4277938387648
"2020-11-30","south_west",28.2296650717703,24.1279894311059,32.7278396500845
"2020-12-07","east_of_england",31.9695528068506,29.2201228886129,34.8503071432405
"2020-12-07","england",26.8654956972769,25.9328614464875,27.8190730152951
"2020-12-07","london",19.3121693121693,17.4012212942208,21.3786560735633
"2020-12-07","midlands",29.8071303331385,27.6869682062225,32.0177615549063
"2020-12-07","north_east_and_yorkshire",27.3607748184019,24.9512558088421,29.9102435386031
"2020-12-07","north_west",25.948275862069,23.5080215791559,28.5473038458883
"2020-12-07","south_east",29.3227091633466,26.8702097054143,31.9014055473747
"2020-12-07","south_west",23.963963963964,20.5993124230816,27.6865573100145
"2020-12-14","east_of_england",32.0916905444126,29.6948479674734,34.5868214423448
"2020-12-14","england",27.495164410058,26.6430451152866,28.3639992354241
"2020-12-14","london",20.2685690306337,18.70297644453,21.9298630445193
"2020-12-14","midlands",30.5017103762828,28.391576038112,32.6970650012862
"2020-12-14","north_east_and_yorkshire",29.6409472880061,27.2295107652686,32.1715276145838
"2020-12-14","north_west",29.8558100084818,27.3124858791055,32.5299768230743
"2020-12-14","south_east",28.8665549972083,26.8149212539962,31.0086516148081
"2020-12-14","south_west",22.7272727272727,19.357229663356,26.4912943237337
"2020-12-21","east_of_england",32.766439909297,30.6156339007377,34.9921417871574
"2020-12-21","england",27.4281018898932,26.6426612166111,28.2277876997475
"2020-12-21","london",21.1034482758621,19.8060776751317,22.4619981343627
"2020-12-21","midlands",30.1416430594901,28.0458992314947,32.3236411530141
"2020-12-21","north_east_and_yorkshire",32.7601031814273,30.1233119277034,35.5104083203513
"2020-12-21","north_west",28.2570422535211,25.7154536289034,30.9451857804489
"2020-12-21","south_east",29.0500229463056,27.1820111726021,30.9917720716808
"2020-12-21","south_west",23.7918215613383,20.3875074117906,27.5677486120347
"2020-12-28","east_of_england",30.8082780163998,29.0499800175009,32.6240643325159
"2020-12-28","england",26.8133004077413,26.1605025829498,27.476326350172
"2020-12-28","london",21.4720194647202,20.3484514915334,22.639992860317
"2020-12-28","midlands",29.1876347951114,27.5278895204903,30.9047773373644
"2020-12-28","north_east_and_yorkshire",28.8753799392097,26.7366208340357,31.112571016278
"2020-12-28","north_west",28.2898919262556,26.1190477948396,30.5665152223321
"2020-12-28","south_east",27.9153094462541,26.3568629299313,29.5289555754824
"2020-12-28","south_west",27.2941176470588,24.4065388694817,30.3860053420474
"2021-01-04","east_of_england",30.8569454042847,29.2003801678029,32.5642637664822
"2021-01-04","england",27.6297469873734,27.0266431426606,28.2411007298186
"2021-01-04","london",22.242098986285,21.1143592979903,23.4121958508941
"2021-01-04","midlands",30.3429355281207,28.8717850494808,31.8554754749284
"2021-01-04","north_east_and_yorkshire",27.3247496423462,25.4602002424587,29.2722239484727
"2021-01-04","north_west",25.7510729613734,24.0165309332887,27.5654415383548
"2021-01-04","south_east",30.2674672489083,28.8012038150099,31.7750638281143
"2021-01-04","south_west",30.3938356164384,27.8238416863219,33.092372998477
"2021-01-11","east_of_england",33.3862643906312,31.5711712830813,35.2519520220488
"2021-01-11","england",27.8519417475728,27.2315207872538,28.4809654920862
"2021-01-11","london",22.1938182663258,20.9773150564471,23.4599245568436
"2021-01-11","midlands",29.3801985511135,27.9396527463909,30.8632066898865
"2021-01-11","north_east_and_yorkshire",26.1658031088083,24.416228830788,27.9943121653529
"2021-01-11","north_west",25.607476635514,23.9892765987831,27.2956344323274
"2021-01-11","south_east",32.1924771263978,30.5308675123184,33.9003882877994
"2021-01-11","south_west",29.2607003891051,26.8379203985835,31.8071094961173
"2021-01-18","east_of_england",29.7101449275362,27.8406067389649,31.6501607196699
"2021-01-18","england",26.320458981487,25.6620950530778,26.9895809767773
"2021-01-18","london",19.5684746778544,18.2577340465101,20.9491985471445
"2021-01-18","midlands",29.9521244763615,28.4229177734517,31.5273662883547
"2021-01-18","north_east_and_yorkshire",24.3072435585805,22.5026023198189,26.2076686485814
"2021-01-18","north_west",26.5141889030072,24.7728810018641,28.3317977129179
"2021-01-18","south_east",27.833850931677,26.1371040465957,29.5966098955767
"2021-01-18","south_west",28.9473684210526,26.2549266404801,31.7968689733129
"2021-01-25","east_of_england",28.927680798005,26.7611296389409,31.1949240321825
"2021-01-25","england",25.2821128451381,24.5277118767744,26.05170766102
"2021-01-25","london",18.1571815718157,16.6070443702271,19.8176268166058
"2021-01-25","midlands",28.3056215360253,26.5828373247552,30.0942897664062
"2021-01-25","north_east_and_yorkshire",25.2241482367005,23.2014359945313,27.3603779659234
"2021-01-25","north_west",25.6229685807151,23.6835796583482,27.6636022469722
"2021-01-25","south_east",25.2145922746781,23.2956042976893,27.2355290789416
"2021-01-25","south_west",27.734375,24.6849059439382,31.005476311176
"2021-02-01","east_of_england",27.689594356261,25.1638700659711,30.3659626644657
"2021-02-01","england",24.62387704297,23.756065318859,25.5127821357822
"2021-02-01","london",15.8657011191573,14.1147842319017,17.7888296345697
"2021-02-01","midlands",27.3069679849341,25.4544453247415,29.2414275278218
"2021-02-01","north_east_and_yorkshire",25.5398361876396,23.279602784469,27.9396000625183
"2021-02-01","north_west",25.7695060844667,23.5446598021399,28.127244556692
"2021-02-01","south_east",24.5236122618061,22.1798175867314,27.0290573225418
"2021-02-01","south_west",27.378640776699,23.7056760015517,31.3865788599623
"2021-02-08","east_of_england",24.7809762202753,21.9127512238917,27.8905386321188
"2021-02-08","england",23.1280460788658,22.1391251875506,24.1474407473304
"2021-02-08","london",16.6150670794634,14.4042269474838,19.0895613636855
"2021-02-08","midlands",26.056338028169,23.9401760638965,28.2899813516983
"2021-02-08","north_east_and_yorkshire",24.2180518319929,21.7989340545427,26.8135797186826
"2021-02-08","north_west",20.7052441229656,18.4206295804116,23.1926526726628
"2021-02-08","south_east",25.5017709563164,22.6815426289666,28.5432130881315
"2021-02-08","south_west",22.7642276422764,18.7794057728889,27.3102805415657
"2021-02-15","east_of_england",21.6168717047452,18.4309952304709,25.1834211099667
"2021-02-15","england",19.2921042395955,18.2366630339339,20.3933933859594
"2021-02-15","london",16.887417218543,14.1110439398205,20.0823227357495
"2021-02-15","midlands",20.5283018867925,18.4401569054648,22.7868423866017
"2021-02-15","north_east_and_yorkshire",15.9282700421941,13.7369704514854,18.3945842298608
"2021-02-15","north_west",19.6125907990315,17.0480549601462,22.4584622590099
"2021-02-15","south_east",21.8009478672986,18.7597453357362,25.1823465216164
"2021-02-15","south_west",18.5654008438819,14.1306062102691,24.0029689932717
"2021-02-22","east_of_england",19.2200557103064,15.4785259984234,23.6133295138179
"2021-02-22","england",17.6620435890178,16.4398915301914,18.9544418996734
"2021-02-22","london",10.7816711590297,8.01822422402839,14.3489544451806
"2021-02-22","midlands",19.3548387096774,16.943832204376,22.0179696501029
"2021-02-22","north_east_and_yorkshire",17.2222222222222,14.6400777377458,20.1522729561482
"2021-02-22","north_west",15.5591572123177,12.9131114782631,18.6314086304134
"2021-02-22","south_east",22.7397260273973,18.736640176359,27.3106396938954
"2021-02-22","south_west",18.7134502923977,13.579003875788,25.2226964064476
"2021-03-01","east_of_england",17.9824561403509,13.5411279077931,23.4848031993278
"2021-03-01","england",16.4361912287633,15.0434384345797,17.930673453647
"2021-03-01","london",11,7.94052853112605,15.0456232243885
"2021-03-01","midlands",16.0919540229885,13.3875007391516,19.2214972234298
"2021-03-01","north_east_and_yorkshire",15.8964879852126,13.0573086015957,19.2165677662751
"2021-03-01","north_west",20.9567198177677,17.4096063999769,25.0077091153599
"2021-03-01","south_east",18.7074829931973,14.663906641906,23.5582600341003
"2021-03-01","south_west",9.16666666666667,5.19571828485654,15.6708469726709
"2021-03-08","east_of_england",19.2546583850932,13.9094157401297,26.0328774740507
"2021-03-08","england",14.7636749867233,13.2331801006957,16.4376465712285
"2021-03-08","london",10.3626943005181,6.80888124119926,15.4635907691967
"2021-03-08","midlands",20.18779342723,16.6502196583978,24.2582258189486
"2021-03-08","north_east_and_yorkshire",9.0702947845805,6.73168503681653,12.1158070658674
"2021-03-08","north_west",15.1933701657459,11.8624686943456,19.2552343641505
"2021-03-08","south_east",15.2284263959391,10.8801286983085,20.9068634872492
"2021-03-08","south_west",15.5339805825243,9.79382375677665,23.7525721987904
"2021-03-15","east_of_england",12.6865671641791,8.0738606167249,19.3790255790885
"2021-03-15","england",12.2869318181818,10.6740581632227,14.1050313467932
"2021-03-15","london",8.84353741496599,5.24101103372036,14.5423158142166
"2021-03-15","midlands",15.6050955414013,12.009552861052,20.0320376849273
"2021-03-15","north_east_and_yorkshire",9.90990990990991,7.14365605291369,13.5905668260674
"2021-03-15","north_west",13.4615384615385,9.84091110468711,18.1461456492996
"2021-03-15","south_east",12.987012987013,8.56675208748036,19.2088774259908
"2021-03-15","south_west",9.09090909090909,4.23329750705114,18.4487298849659
"2021-03-22","east_of_england",9.30232558139535,4.78922842152705,17.2957411249868
"2021-03-22","england",9.83050847457627,8.25987952879205,11.6618301784885
"2021-03-22","london",9.48275862068965,5.3777363581141,16.1853012375463
"2021-03-22","midlands",9.02527075812274,6.18793664360062,12.9835414731933
"2021-03-22","north_east_and_yorkshire",11.9496855345912,8.83105274779704,15.9766457734727
"2021-03-22","north_west",7.45614035087719,4.70706761043402,11.6150600250553
"2021-03-22","south_east",11.4583333333333,6.51987199341643,19.3626212372794
"2021-03-22","south_west",10.1694915254237,4.74479724624047,20.4638136262325
"2021-03-29","east_of_england",7.40740740740741,3.43896304123811,15.2328738659676
"2021-03-29","england",9.46547884187082,7.71978957381658,11.556487550105
"2021-03-29","london",8.82352941176471,4.71155597575731,15.9244585539514
"2021-03-29","midlands",9.64467005076142,6.26156630459792,14.5715122173267
"2021-03-29","north_east_and_yorkshire",9.375,6.38098481830768,13.5702035162944
"2021-03-29","north_west",13.5483870967742,9.03516204582766,19.8247207335427
"2021-03-29","south_east",2.77777777777778,0.765102190449458,9.57417522143822
"2021-03-29","south_west",11.4285714285714,4.53517933309736,25.9514686462138
"2021-04-05","east_of_england",15.0943396226415,9.50985857817028,23.1203151335627
"2021-04-05","england",10.8108108108108,8.85880617432774,13.1309641999965
"2021-04-05","london",8,4.10934614843806,14.9981077009487
"2021-04-05","midlands",5.4421768707483,2.78312584080524,10.3707238871265
"2021-04-05","north_east_and_yorkshire",15.6521739130435,11.5253111697003,20.9075427832201
"2021-04-05","north_west",8.57142857142857,4.97112445869967,14.3845321433374
"2021-04-05","south_east",7.01754385964912,2.7626420229066,16.7001700960337
"2021-04-05","south_west",11.7647058823529,4.67144666488234,26.6208427703718
"2021-04-12","east_of_england",11.340206185567,6.45135810293563,19.1744699274211
"2021-04-12","england",10.9656301145663,8.7276983022787,13.691326446814
"2021-04-12","london",8.97435897435897,4.41530085167737,17.3847245606052
"2021-04-12","midlands",12.037037037037,7.17106399392155,19.5108651720207
"2021-04-12","north_east_and_yorkshire",6.94444444444444,3.81551412422337,12.3108546297604
"2021-04-12","north_west",12.2222222222222,6.96361596548238,20.573742410489
"2021-04-12","south_east",8.47457627118644,3.67420330176367,18.3517952674103
"2021-04-12","south_west",28.5714285714286,16.3265362364347,45.0549348631826
"2021-04-19","east_of_england",6.17283950617284,2.66525120970292,13.6492476368421
"2021-04-19","england",9.59409594095941,7.39147623272674,12.3654434878252
"2021-04-19","london",11.1111111111111,5.95675640765053,19.7870946815373
"2021-04-19","midlands",8.91089108910891,4.75892377719875,16.0739214219973
"2021-04-19","north_east_and_yorkshire",5.26315789473684,2.43421615079095,11.008810589737
"2021-04-19","north_west",13.5802469135802,7.75546344173052,22.7030637687787
"2021-04-19","south_east",7.54716981132075,2.97395550869467,17.8584774836532
"2021-04-19","south_west",25.8064516129032,13.7017059063938,43.2461358094338
"2021-04-26","east_of_england",2.27272727272727,0.116575669062615,11.8077096982133
"2021-04-26","england",8.64485981308411,6.33680616492449,11.6886652738923
"2021-04-26","london",1.42857142857143,0.073276134839358,7.65818713120833
"2021-04-26","midlands",11.9565217391304,6.80913480881624,20.1535795933506
"2021-04-26","north_east_and_yorkshire",14.5833333333333,8.89020578013864,23.0018150264467
"2021-04-26","north_west",8.21917808219178,3.82137504787049,16.7943954799372
"2021-04-26","south_east",6.66666666666667,2.2932032599251,17.8566019635919
"2021-04-26","south_west",12.5,0.641166179844382,47.0888182212853
"2021-05-03","east_of_england",4.76190476190476,1.31575249089056,15.7898523969588
"2021-05-03","england",6.78851174934726,4.67444617459807,9.76078498985096
"2021-05-03","london",5.55555555555556,1.90732684546909,15.1072143181661
"2021-05-03","midlands",6.45161290322581,2.99014316186476,13.3679941623831
"2021-05-03","north_east_and_yorkshire",9.41176470588235,4.84650612922176,17.4870519686248
"2021-05-03","north_west",9.375,4.36782525851984,18.9828795996456
"2021-05-03","south_east",0,0,12.8728921859215
"2021-05-03","south_west",5.26315789473684,0.269964707302898,24.6387311668988
"2021-05-10","east_of_england",7.5,2.58360257745882,19.8642335243105
"2021-05-10","england",6.56167979002625,4.48369489492171,9.50686084865269
"2021-05-10","london",3.7037037037037,1.02163679484456,12.5351769172755
"2021-05-10","midlands",9.09090909090909,4.47357106017773,17.5961182811123
"2021-05-10","north_east_and_yorkshire",10.5263157894737,5.43112618282191,19.4199463223205
"2021-05-10","north_west",3.2967032967033,1.12744067676826,9.24930694296231
"2021-05-10","south_east",6.66666666666667,1.84770237912704,21.3234583626169
"2021-05-10","south_west",0,0,22.8095372354198
"2021-05-17","east_of_england",7.14285714285714,1.98120641153057,22.6453625683991
"2021-05-17","england",8.14977973568282,5.97030886455448,11.0315281951993
"2021-05-17","london",8.49056603773585,4.53115588541367,15.3533750150255
"2021-05-17","midlands",7.3394495412844,3.76570828328344,13.8177747982516
"2021-05-17","north_east_and_yorkshire",8.19672131147541,3.55195666068736,17.7946618029254
"2021-05-17","north_west",11.8181818181818,7.03812822692678,19.1750450140239
"2021-05-17","south_east",0,0,13.797620467498
"2021-05-17","south_west",0,0,19.3607680534436
"2021-05-24","east_of_england",3.50877192982456,0.967566434493288,11.9207813676258
"2021-05-24","england",6.22641509433962,4.46759162021231,8.61521745478544
"2021-05-24","london",8.86075949367089,4.35852959873131,17.1783422462117
"2021-05-24","midlands",7.69230769230769,3.94917536910549,14.4495546162558
"2021-05-24","north_east_and_yorkshire",4.28571428571429,1.46815410041114,11.8596687485275
"2021-05-24","north_west",7.2289156626506,4.18330489128879,12.2093115016775
"2021-05-24","south_east",2.4390243902439,0.125105596067197,12.5950620557742
"2021-05-24","south_west",0,0,22.8095372354198
"2021-05-31","east_of_england",3.77358490566038,1.04102872758269,12.7542871974184
"2021-05-31","england",7.34375,5.56734043156012,9.62917378482904
"2021-05-31","london",8.8,4.98482457853485,15.0719638630313
"2021-05-31","midlands",4.44444444444444,1.74172418527087,10.8768550328122
"2021-05-31","north_east_and_yorkshire",4.81927710843374,1.88986155032923,11.7458592004515
"2021-05-31","north_west",8.18965517241379,5.30544179499561,12.4359082754792
"2021-05-31","south_east",17.0731707317073,8.525251977595,31.2626124004042
"2021-05-31","south_west",0,0,19.3607680534436
"2021-06-07","east_of_england",1.66666666666667,0.085488823979251,8.85512972759006
"2021-06-07","england",7.34341252699784,5.83379876839114,9.20548104583152
"2021-06-07","london",6.45161290322581,3.54180590453651,11.4677885663927
"2021-06-07","midlands",8.82352941176471,5.11945891168911,14.7898434193118
"2021-06-07","north_east_and_yorkshire",5.60747663551402,2.59503625036248,11.6969615176573
"2021-06-07","north_west",9.23482849604222,6.71506710951066,12.572671226916
"2021-06-07","south_east",6.66666666666667,2.62286987245062,15.9253573131972
"2021-06-07","south_west",0,0,11.6969798499741
"2021-06-14","east_of_england",2.98507462686567,0.822469483889797,10.246555563352
"2021-06-14","england",8,6.58215685018349,9.69157168092969
"2021-06-14","london",4.3956043956044,2.24388828314126,8.4326630884436
"2021-06-14","midlands",6.48648648648649,3.7491372360006,10.9941606576731
"2021-06-14","north_east_and_yorkshire",7.2463768115942,4.44026569579693,11.6104005298973
"2021-06-14","north_west",12.3188405797101,9.49504868134916,15.8354819748042
"2021-06-14","south_east",4.61538461538462,1.58198404135126,12.7138472633388
"2021-06-14","south_west",5.45454545454545,1.87232155546845,14.8530605440538
"2021-06-21","east_of_england",4.28571428571429,1.46815410041114,11.8596687485275
"2021-06-21","england",7.74818401937046,6.38668025013138,9.37087735552847
"2021-06-21","london",8,4.82502541022587,12.9792684211157
"2021-06-21","midlands",11.0552763819095,7.41491050400865,16.1707307642217
"2021-06-21","north_east_and_yorkshire",5.53191489361702,3.26104109134425,9.23321303356337
"2021-06-21","north_west",8.49514563106796,6.17153485399419,11.5855832145372
"2021-06-21","south_east",8.33333333333333,3.87524249569497,17.0123552206765
"2021-06-21","south_west",3.94736842105263,1.35146350945396,10.9747877465455
"2021-06-28","east_of_england",9.64912280701754,5.47361490452138,16.455389606543
"2021-06-28","england",8.02469135802469,6.89815411732933,9.31679281227951
"2021-06-28","london",4.81481481481481,2.83509158783278,8.06225717345676
"2021-06-28","midlands",8.98550724637681,6.4024006804156,12.4719209220912
"2021-06-28","north_east_and_yorkshire",9.35960591133005,6.89504272225629,12.5860168685512
"2021-06-28","north_west",8.68725868725869,6.5558199746874,11.4269326860088
"2021-06-28","south_east",5.78034682080925,3.16973595793594,10.3120906339086
"2021-06-28","south_west",6.77966101694915,3.47511750251653,12.8095355316313
"2021-07-05","east_of_england",9.09090909090909,5.67327199576774,14.2562031406794
"2021-07-05","england",8.76721531743366,7.80368513389946,9.83702022010927
"2021-07-05","london",6.77200902934537,4.78446474522171,9.50280819251884
"2021-07-05","midlands",6.85920577617329,5.03786322464283,9.27470848515499
"2021-07-05","north_east_and_yorkshire",9.366391184573,7.45566721217056,11.7048582869776
"2021-07-05","north_west",11.3342898134864,9.18967458996981,13.9027747484333
"2021-07-05","south_east",7.07964601769912,4.40443594661817,11.1895561053793
"2021-07-05","south_west",9.03225806451613,5.45658157728064,14.5894813694453
"2021-07-12","east_of_england",10.2310231023102,7.30165799907706,14.1561525177114
"2021-07-12","england",8.70535714285714,7.87402006954567,9.61530566395197
"2021-07-12","london",6.94444444444444,5.14101013683992,9.31836622290063
"2021-07-12","midlands",7.74032459425718,6.08484296832199,9.79921188740273
"2021-07-12","north_east_and_yorkshire",10.1330603889458,8.39424670688758,12.1841512600353
"2021-07-12","north_west",10.8635097493036,8.79217590793821,13.3513927202526
"2021-07-12","south_east",5.71428571428571,3.80358121820077,8.5000087759812
"2021-07-12","south_west",6.98529411764706,4.51720381123625,10.651458288935
"2021-07-19","east_of_england",8.79396984924623,6.39099319624935,11.9847759534548
"2021-07-19","england",9.7440132122213,8.94050615948794,10.6113184385729
"2021-07-19","london",7.57020757020757,5.95008812164468,9.58649641116654
"2021-07-19","midlands",9.15712799167534,7.49260067564834,11.1468822338558
"2021-07-19","north_east_and_yorkshire",10.5457909343201,8.85246766546643,12.5185314732209
"2021-07-19","north_west",11.6187989556136,9.53858776685778,14.0820495393291
"2021-07-19","south_east",10.482180293501,8.04178392400069,13.5539950829457
"2021-07-19","south_west",9.94152046783626,7.20169755562655,13.5712482518746
"2021-07-26","east_of_england",10.4838709677419,7.7644246429467,14.0111024842346
"2021-07-26","england",9.82684956150214,8.98630920775003,10.7367356803348
"2021-07-26","london",8.45410628019324,6.74573622948716,10.54619570002
"2021-07-26","midlands",9.65018094089264,7.82228825490159,11.8502985364301
"2021-07-26","north_east_and_yorkshire",10.7740585774059,8.9632968921322,12.8987988625683
"2021-07-26","north_west",12.1082621082621,9.89903350787401,14.7299333299687
"2021-07-26","south_east",9.28074245939675,6.88959950225984,12.3913262512493
"2021-07-26","south_west",6.0790273556231,3.96935490777371,9.2025194662994
"2021-08-02","east_of_england",8.67052023121387,6.14085642521053,12.1078265741978
"2021-08-02","england",9.37654626422563,8.51606420441395,10.3141709042737
"2021-08-02","london",6.35135135135135,4.80969567044081,8.34384096837663
"2021-08-02","midlands",10.3067484662577,8.40213524182028,12.5837902959734
"2021-08-02","north_east_and_yorkshire",11.4465408805031,9.41637618048842,13.847496365016
"2021-08-02","north_west",8.46953937592868,6.59447205555525,10.8160244920435
"2021-08-02","south_east",8.8,6.33462758150136,12.1009098166772
"2021-08-02","south_west",12.4161073825503,9.14362793621255,16.6452279501934
"2021-08-09","east_of_england",12.3318385650224,9.59807154123522,15.7089464288606
"2021-08-09","england",11.9732441471572,11.0555122601875,12.9560610757945
"2021-08-09","london",9.16552667578659,7.28190314957774,11.4760829664898
"2021-08-09","midlands",13.2016632016632,11.2081714726229,15.4878723206847
"2021-08-09","north_east_and_yorkshire",13.3867276887872,11.2887330807468,15.8051637078845
"2021-08-09","north_west",11.9047619047619,9.67017986783712,14.5724078992094
"2021-08-09","south_east",11.8604651162791,9.1370697040944,15.2592752437586
"2021-08-09","south_west",10.8108108108108,8.04017717971788,14.386832142677
"2021-08-16","east_of_england",12.1212121212121,9.3643906885135,15.5503804414322
"2021-08-16","england",12.9465252219095,12.0090758063394,13.9455555499083
"2021-08-16","london",11.8773946360153,9.79534292231452,14.3316850440595
"2021-08-16","midlands",14.604462474645,12.5375290824823,16.9461277415506
"2021-08-16","north_east_and_yorkshire",13.3578431372549,11.1945005344346,15.8645675858583
"2021-08-16","north_west",12.7272727272727,10.4819847342273,15.3709285250579
"2021-08-16","south_east",12,9.43749001263691,15.1419598624411
"2021-08-16","south_west",12.5641025641026,9.63555104803037,16.22294011378
"2021-08-23","east_of_england",16.8618266978923,13.6095403599818,20.705044690716
"2021-08-23","england",12.5823451910408,11.6505370354655,13.5772263522985
"2021-08-23","london",8.60215053763441,6.79395647099442,10.8356436622479
"2021-08-23","midlands",14.852492370295,12.7663374993904,17.2122832989528
"2021-08-23","north_east_and_yorkshire",11.9953863898501,9.99859508351986,14.327469859182
"2021-08-23","north_west",11.9083969465649,9.64738616690272,14.6136035872645
"2021-08-23","south_east",13.3333333333333,10.5421092829835,16.7254150401132
"2021-08-23","south_west",11.3801452784504,8.66673582231713,14.805367719759
"2021-08-30","east_of_england",15.2744630071599,12.1465999506027,19.0332799004413
"2021-08-30","england",12.9343629343629,12.0015010010368,13.9282582824362
"2021-08-30","london",8.42391304347826,6.62681161048632,10.6527632628214
"2021-08-30","midlands",13.8888888888889,11.8205898258552,16.2523852854747
"2021-08-30","north_east_and_yorkshire",14.2058165548098,12.0702853028068,16.6476421539367
"2021-08-30","north_west",13.5021097046413,11.1853529685564,16.2111356379918
"2021-08-30","south_east",12.9770992366412,10.3670760164137,16.1260037680217
"2021-08-30","south_west",12.6696832579186,9.88700471195578,16.0956526943584
"2021-09-06","east_of_england",17.032967032967,13.520222253428,21.2342774787544
"2021-09-06","england",12.6315789473684,11.6891767525163,13.6382256458535
"2021-09-06","london",9.58702064896755,7.59315271872052,12.03625776802
"2021-09-06","midlands",14.2147117296223,12.1927839296618,16.508895555668
"2021-09-06","north_east_and_yorkshire",13.2784958871915,11.1627366921315,15.7242908904772
"2021-09-06","north_west",12.7659574468085,10.5028188643008,15.4326645266612
"2021-09-06","south_east",10.4444444444444,7.94565917782046,13.6128513811168
"2021-09-06","south_west",10.705596107056,8.07203963691492,14.0668900355869
"2021-09-13","east_of_england",14.5348837209302,11.2020130125744,18.6510870672015
"2021-09-13","england",12.8031290743155,11.7827410492815,13.8979615636247
"2021-09-13","london",11.5942028985507,9.18488313734212,14.5343729074331
"2021-09-13","midlands",12.1175030599755,10.0553394256482,14.5342395547655
"2021-09-13","north_east_and_yorkshire",14.3039591315453,12.0257136603834,16.9307497118161
"2021-09-13","north_west",14.018691588785,11.5465981972688,16.9188179369615
"2021-09-13","south_east",11.7647058823529,8.82261424061059,15.5208908288397
"2021-09-13","south_west",10,7.24459575971436,13.6491786754848
"2021-09-20","east_of_england",11.3138686131387,8.08590780400726,15.6115846797135
"2021-09-20","england",12.4324324324324,11.3548651010186,13.5965751247847
"2021-09-20","london",11.8834080717489,9.20092429473793,15.2168915083352
"2021-09-20","midlands",12.5925925925926,10.2995955687731,15.308955082022
"2021-09-20","north_east_and_yorkshire",14.0730717185386,11.7512829119407,16.7664386429393
"2021-09-20","north_west",10.5982905982906,8.35586425850856,13.3548113241397
"2021-09-20","south_east",13.7820512820513,10.3954949604948,18.0496177096876
"2021-09-20","south_west",12.0401337792642,8.82494474567061,16.2183432889436
"2021-09-27","east_of_england",10.1010101010101,7.16740822584058,14.0535561555164
"2021-09-27","england",12.0977011494253,11.0558325886774,13.2231556723733
"2021-09-27","london",10.8510638297872,8.35008181690874,13.9868110088297
"2021-09-27","midlands",12.8040973111396,10.6414256142995,15.3308846567439
"2021-09-27","north_east_and_yorkshire",15.4362416107383,13.0197690235219,18.2073293250333
"2021-09-27","north_west",12.9963898916967,10.4491568879008,16.0532581769885
"2021-09-27","south_east",7.8125,5.34751109813203,11.2783585532597
"2021-09-27","south_west",8.94568690095847,6.26169899509314,12.625178701856
"2021-10-04","east_of_england",17.3295454545455,13.7337738021849,21.6306998141693
"2021-10-04","england",14.2379850938062,13.17526500908,15.371248901074
"2021-10-04","london",10.9170305676856,8.37945145710726,14.1047705280415
"2021-10-04","midlands",15.5952380952381,13.2989355687943,18.2047854254573
"2021-10-04","north_east_and_yorkshire",14.5369284876905,12.3305078885509,17.0613307331836
"2021-10-04","north_west",14.2384105960265,11.6772532812044,17.2515827284113
"2021-10-04","south_east",15.7333333333333,12.3978207135117,19.7637751160413
"2021-10-04","south_west",10.5134474327628,7.89939343420211,13.8623402534298
"2021-10-11","east_of_england",16.6666666666667,13.5644478360499,20.3116467360966
"2021-10-11","england",14.5203111495246,13.5347197029768,15.5647533857214
"2021-10-11","london",10.1497504159734,7.98291536489048,12.8227779263824
"2021-10-11","midlands",14.6881287726358,12.6234993875669,17.0246432312351
"2021-10-11","north_east_and_yorkshire",16.9472502805836,14.6269383020808,19.5513461086305
"2021-10-11","north_west",13.6300417246175,11.3146222315294,16.3320292412199
"2021-10-11","south_east",15.2804642166344,12.435967210057,18.6371081144651
"2021-10-11","south_west",13.4703196347032,10.5887479419214,16.9870841553873
"2021-10-18","east_of_england",13.013698630137,10.5248377604367,15.9859597483572
"2021-10-18","england",14.7366344446636,13.7875274143713,15.7391485320302
"2021-10-18","london",10.6084243369735,8.45471739057233,13.2314594065028
"2021-10-18","midlands",15.1821862348178,13.0797183198939,17.5543569265637
"2021-10-18","north_east_and_yorkshire",15.472481827622,13.3259904879225,17.8933429474543
"2021-10-18","north_west",17.9422835633626,15.4341113437828,20.75800329118
"2021-10-18","south_east",16.4259927797834,13.5738738166891,19.740512534869
"2021-10-18","south_west",12.9151291512915,10.3506145602502,16.0016268271057
"2021-10-25","east_of_england",14.7286821705426,12.2026652856964,17.6723459648195
"2021-10-25","england",13.8255792051234,12.9232223715911,14.7802479884562
"2021-10-25","london",9.47368421052632,7.47488428823935,11.9380060325299
"2021-10-25","midlands",14.917695473251,12.8162722025132,17.2953259638326
"2021-10-25","north_east_and_yorkshire",13.8834951456311,11.9057019372371,16.1296855341956
"2021-10-25","north_west",14.7208121827411,12.4181978267034,17.3657262396037
"2021-10-25","south_east",15.5624036979969,12.9769914676385,18.5530922976497
"2021-10-25","south_west",12.6785714285714,10.174688576027,15.6909969884452
"2021-11-01","east_of_england",11.0694183864916,8.67933895522579,14.0166463899354
"2021-11-01","england",12.512778572889,11.6148421532544,13.4695547398886
"2021-11-01","london",9.83606557377049,7.71819642515317,12.4566316254997
"2021-11-01","midlands",13.013013013013,11.0675573073032,15.241831529788
"2021-11-01","north_east_and_yorkshire",14.1025641025641,11.9334011467324,16.5917360817659
"2021-11-01","north_west",16.1458333333333,13.7130310358277,18.9156203462172
"2021-11-01","south_east",11.0248447204969,8.83314376803593,13.6787620130758
"2021-11-01","south_west",9.81210855949896,7.45925661179483,12.8044256038262
"2021-11-08","east_of_england",14.2561983471074,11.4224170519031,17.652901631257
"2021-11-08","england",13.8031319910515,12.8229878789919,14.8454369012414
"2021-11-08","london",9.91735537190083,7.78263895307802,12.5578712120101
"2021-11-08","midlands",16.2684869169511,13.9762565864472,18.8542653520972
"2021-11-08","north_east_and_yorkshire",13.9255702280912,11.7396421819721,16.4426922775383
"2021-11-08","north_west",16.9036334913112,14.1856268182919,20.0209179666682
"2021-11-08","south_east",12.7927927927928,10.2675152077189,15.8295927499582
"2021-11-08","south_west",10.6029106029106,8.15688486849527,13.6732323574816
"2021-11-15","east_of_england",11.7241379310345,9.03067471446345,15.0877071506237
"2021-11-15","england",12.6320963381666,11.6464676910595,13.6882149685368
"2021-11-15","london",11.0183639398998,8.75493980225965,13.7785898402492
"2021-11-15","midlands",14.6135265700483,12.3708962479711,17.1829876338475
"2021-11-15","north_east_and_yorkshire",15.1693667157585,12.6675932964197,18.0630332802241
"2021-11-15","north_west",11.6751269035533,9.33019103891914,14.5150633086683
"2021-11-15","south_east",10.8411214953271,8.48044019823476,13.7601385209638
"2021-11-15","south_west",11.4427860696517,8.68926998558258,14.9262224037837
"2021-11-22","east_of_england",10.5855855855856,8.05432511806007,13.7930177068631
"2021-11-22","england",12.1658081922983,11.1978495734218,13.2049964785412
"2021-11-22","london",9.13385826771654,7.13213622726759,11.6270499786374
"2021-11-22","midlands",14.1860465116279,12.0131631913574,16.6774554736746
"2021-11-22","north_east_and_yorkshire",15.6565656565657,12.9559713392026,18.7985107261893
"2021-11-22","north_west",11.1524163568773,8.76311253339725,14.0925506508545
"2021-11-22","south_east",11.2280701754386,8.89150577707161,14.0837353446909
"2021-11-22","south_west",11.9266055045872,9.21205900586403,15.3061978928466
"2021-11-29","east_of_england",13.9112903225806,11.1421805383791,17.2351091637094
"2021-11-29","england",13.4913186297513,12.498481989205,14.5499085794327
"2021-11-29","london",10.0817438692098,8.10716128812794,12.4719830531761
"2021-11-29","midlands",16.3975155279503,14.0005049467234,19.113705001319
"2021-11-29","north_east_and_yorkshire",13.7630662020906,11.1846805370312,16.8232542260773
"2021-11-29","north_west",15.3024911032028,12.5623979587097,18.5137022597466
"2021-11-29","south_east",12.9082426127527,10.5352767515505,15.7217691604949
"2021-11-29","south_west",11.6071428571429,8.96214096419251,14.9049603642602
"2021-12-06","east_of_england",12.3339658444023,9.79602987920754,15.4170458134924
"2021-12-06","england",11.6568296795953,10.774523687915,12.6011822712381
"2021-12-06","london",8.59375,7.02810572082384,10.4688980512401
"2021-12-06","midlands",13.431151241535,11.3430455716598,15.8349934400543
"2021-12-06","north_east_and_yorkshire",12.5217391304348,10.0628230235019,15.4781012775839
"2021-12-06","north_west",14.4518272425249,11.868315595149,17.486139474148
"2021-12-06","south_east",10.6782106782107,8.59172930103563,13.1982283570039
"2021-12-06","south_west",10.9839816933638,8.38532008998719,14.2626085072419
"2021-12-13","east_of_england",9.13539967373573,7.10204705841426,11.6777313050837
"2021-12-13","england",10.2745953809784,9.49962577961458,11.1050285122735
"2021-12-13","london",7.54593175853018,6.32395159192996,8.98139684397327
"2021-12-13","midlands",12.1871599564744,10.2280571760795,14.4610653858668
"2021-12-13","north_east_and_yorkshire",12.4401913875598,10.0833183134459,15.254499387931
"2021-12-13","north_west",12.3783031988873,10.1690901778165,14.9873886878764
"2021-12-13","south_east",9.81240981240981,7.81413960522479,12.2537620746431
"2021-12-13","south_west",11.6336633663366,8.86237721085129,15.1276945939158
"2021-12-20","east_of_england",9.31477516059957,7.61386761866888,11.3489812880455
"2021-12-20","england",9.14326853851692,8.543148077676,9.78103650134804
"2021-12-20","london",7.25498515061519,6.27587586896789,8.37320010047274
"2021-12-20","midlands",10.5111591072714,9.00571986785004,12.2344189108434
"2021-12-20","north_east_and_yorkshire",11.1888111888112,9.25015050314257,13.4734556562403
"2021-12-20","north_west",10.7657316148597,9.20553311151849,12.5537984320592
"2021-12-20","south_east",7.08333333333333,5.62576181188397,8.88299972155295
"2021-12-20","south_west",10.0580270793037,7.75282338881858,12.9524136836818
"2021-12-27","east_of_england",9.56873315363881,8.17477408066197,11.1714712544321
"2021-12-27","england",8.63645740218662,8.19077373682455,9.10398723202602
"2021-12-27","london",7.57188498402556,6.6962154095584,8.55157121588602
"2021-12-27","midlands",8.96577380952381,7.94350132533809,10.105164105112
"2021-12-27","north_east_and_yorkshire",9.80769230769231,8.60265767703835,11.1609120070857
"2021-12-27","north_west",9.36186473060757,8.30461008134812,10.538248846979
"2021-12-27","south_east",7.02604482132041,5.89034870834439,8.36125573168241
"2021-12-27","south_west",7.95072788353863,6.35116852436121,9.91050820638103
"2022-01-03","east_of_england",7.98586572438163,6.68454983807047,9.51468492433439
"2022-01-03","england",8.23691460055096,7.80070471556049,8.69521659846377
"2022-01-03","london",8.01393728222996,7.0281522928723,9.12442085365452
"2022-01-03","midlands",8.63702623906705,7.64294593940495,9.74675670471237
"2022-01-03","north_east_and_yorkshire",8.78087024696198,7.74366604906066,9.94202858614628
"2022-01-03","north_west",8.91487029594446,7.90408992262529,10.0408173699081
"2022-01-03","south_east",6.67892156862745,5.56656376835455,7.99474179854454
"2022-01-03","south_west",7.22610722610723,5.6776599595803,9.15586394580558
"2022-01-10","east_of_england",6.60964230171073,5.37684909245603,8.10088940260195
"2022-01-10","england",6.73710109269846,6.33108195708246,7.16716631827524
"2022-01-10","london",6.00972160848431,5.10305609211295,7.06548166545032
"2022-01-10","midlands",7.61440360090023,6.66747911147508,8.68329976966967
"2022-01-10","north_east_and_yorkshire",7.90365073391042,6.93750777188393,8.99134275829925
"2022-01-10","north_west",6.7103740840725,5.80997234057129,7.73885088949514
"2022-01-10","south_east",5.52964690206529,4.48282159105602,6.80351411063275
"2022-01-10","south_west",4.68933177022274,3.4624240528499,6.32252016963072
"2022-01-17","east_of_england",8.49141824751581,6.98944642470197,10.2804760558975
"2022-01-17","england",6.83324377574781,6.37993727458836,7.31624153386372
"2022-01-17","london",4.19825072886297,3.34701037409513,5.2542168107628
"2022-01-17","midlands",7.76874435411021,6.72546191980921,8.95832185279886
"2022-01-17","north_east_and_yorkshire",7.83947736817546,6.77540791707672,9.05442699804442
"2022-01-17","north_west",6.65548098434004,5.59059979569427,7.90621141102169
"2022-01-17","south_east",6.67613636363636,5.48668105675987,8.10135020710021
"2022-01-17","south_west",5.56257901390645,4.16956094061951,7.38512808591406
"2022-01-24","east_of_england",8.40258541089566,6.89372104978126,10.2055032494414
"2022-01-24","england",8.42178355321893,7.89537447435952,8.97986809410129
"2022-01-24","london",4.53333333333333,3.59164632850011,5.70730323832172
"2022-01-24","midlands",9.66921119592875,8.44009445183594,11.055708884742
"2022-01-24","north_east_and_yorkshire",9.89876265466817,8.5958660526839,11.374567178576
"2022-01-24","north_west",8.55920114122682,7.20565928290778,10.1392167904756
"2022-01-24","south_east",8.4123972169513,7.14291284283203,9.8834879569986
"2022-01-24","south_west",9.19689119170984,7.35546464135065,11.4423782893917
"2022-01-31","east_of_england",7.47368421052632,5.96736537840352,9.32254024186684
"2022-01-31","england",6.89075630252101,6.38358766586305,7.43501875145437
"2022-01-31","london",4.54545454545455,3.59506363036288,5.73215195138772
"2022-01-31","midlands",8.05797101449275,6.86474477923216,9.43758632132743
"2022-01-31","north_east_and_yorkshire",7.37877723120169,6.13221854353875,8.85483257547186
"2022-01-31","north_west",7.69867549668874,6.32594009764063,9.3395958054996
"2022-01-31","south_east",6.53120464441219,5.34373969174003,7.96035229704644
"2022-01-31","south_west",6.51890482398957,4.979502813752,8.49167957173627
"2022-02-07","east_of_england",9.21212121212121,7.42328689386113,11.3790373820542
"2022-02-07","england",7.71584408673673,7.13398177754003,8.34090178692738
"2022-02-07","london",4.90596892886345,3.83031797467816,6.26401474698721
"2022-02-07","midlands",8.99042004421518,7.58201152573539,10.6303568008053
"2022-02-07","north_east_and_yorkshire",8.98678414096916,7.4583711332452,10.7918828604863
"2022-02-07","north_west",6.61914460285132,5.22706672946405,8.34930071006329
"2022-02-07","south_east",9.12636505460218,7.66968244817813,10.8272681042508
"2022-02-07","south_west",5.32959326788219,3.90730627741081,7.23064589294003
"2022-02-14","east_of_england",8.67875647668394,6.89185229609778,10.8748521321778
"2022-02-14","england",7.51506024096386,6.9052208123764,8.17402912202111
"2022-02-14","london",4.67479674796748,3.52290167798464,6.17920770048907
"2022-02-14","midlands",7.98319327731092,6.57502425321849,9.66175973417758
"2022-02-14","north_east_and_yorkshire",8.14299900695134,6.60858972189185,9.99554313752882
"2022-02-14","north_west",7.50577367205543,5.93242413164363,9.45445556504874
"2022-02-14","south_east",8.54625550660793,7.05637702518502,10.3157916193922
"2022-02-14","south_west",6.85131195335277,5.19117721364614,8.99200322145806
"2022-02-21","east_of_england",8.62422997946612,6.44358842122831,11.4525076077713
"2022-02-21","england",7.35859417902252,6.55481490945603,8.25223210337032
"2022-02-21","london",3.86847195357834,2.51798193142193,5.899446842386
"2022-02-21","midlands",8.28025477707006,6.3701767360276,10.6976267952531
"2022-02-21","north_east_and_yorkshire",8.95522388059701,6.82096236589798,11.673626589682
"2022-02-21","north_west",8.41889117043121,6.26640454027188,11.2222279454474
"2022-02-21","south_east",6.06060606060606,4.4470870029432,8.20925599803063
"2022-02-21","south_west",7.5,5.20536193815316,10.6920728973858
